UBIGEO,ANIO,DISTRITO,POBLACION_TOTAL,PORC_NBI,TOTAL_DELITOS,TASA_DELITOS_10K,Estafa,Extorsión,Hurto,Otros,Robo,Secuestro,Violencia contra la mujer e integrantes
150101,2018,Lima,314869,10.6,26713,848.38,378,47,7153,8876,4535,23,5701
150101,2019,Lima,314869,10.6,26674,847.15,659,83,6277,9851,4190,18,5596
150101,2020,Lima,314869,10.6,19846,630.29,829,78,3784,7164,2193,25,5773
150101,2021,Lima,314869,10.6,25853,821.07,1079,117,5770,8834,2466,31,7556
150101,2022,Lima,314869,10.6,30528,969.55,1397,645,6789,11114,3550,37,6996
150101,2023,Lima,314869,10.6,35668,1132.79,1553,1107,10069,11296,5632,40,5971
150101,2024,Lima,314869,10.6,36578,1161.69,1842,902,11254,12307,4888,51,5334
150101,2025,Lima,314869,10.6,33669,1069.3,2126,1626,9467,11936,3038,30,5446
150101,2026,Lima,314869,10.6,18656,592.5,1321,938,5540,6805,1868,28,2156
150102,2018,Ancón,78256,21.7,1524,194.75,8,1,209,460,169,0,677
150102,2019,Ancón,78256,21.7,1659,212.0,10,3,225,578,214,4,625
150102,2020,Ancón,78256,21.7,1308,167.14,7,1,254,472,175,4,395
150102,2021,Ancón,78256,21.7,1546,197.56,21,7,238,610,146,0,524
150102,2022,Ancón,78256,21.7,1921,245.48,32,36,302,820,232,2,497
150102,2023,Ancón,78256,21.7,2310,295.19,43,77,431,925,293,2,539
150102,2024,Ancón,78256,21.7,2167,276.91,60,51,351,961,277,2,465
150102,2025,Ancón,78256,21.7,1915,244.71,55,89,301,863,155,2,450
150102,2026,Ancón,78256,21.7,879,112.32,26,48,116,358,55,2,274
150103,2018,Ate,703028,18.0,15536,220.99,135,38,3045,3910,1867,19,6522
150103,2019,Ate,703028,18.0,16414,233.48,146,35,3369,4719,1738,21,6386
150103,2020,Ate,703028,18.0,11029,156.88,135,20,2066,3346,631,9,4822
150103,2021,Ate,703028,18.0,12651,179.95,209,58,2472,4248,906,19,4739
150103,2022,Ate,703028,18.0,14579,207.37,400,338,2642,4617,1150,13,5419
150103,2023,Ate,703028,18.0,18277,259.98,419,403,3640,4001,4015,25,5774
150103,2024,Ate,703028,18.0,18294,260.22,594,394,4525,4844,2839,13,5085
150103,2025,Ate,703028,18.0,15955,226.95,607,830,3723,5028,999,10,4758
150103,2026,Ate,703028,18.0,8432,119.94,326,364,1942,2547,526,12,2715
150104,2018,Barranco,42986,5.3,2898,674.17,33,3,935,1006,506,2,413
150104,2019,Barranco,42986,5.3,2831,658.59,46,6,1028,787,560,3,401
150104,2020,Barranco,42986,5.3,885,205.88,23,2,167,266,113,1,313
150104,2021,Barranco,42986,5.3,1530,355.93,59,5,362,714,108,0,282
150104,2022,Barranco,42986,5.3,2775,645.56,85,49,811,1234,261,3,332
150104,2023,Barranco,42986,5.3,3308,769.55,90,74,1128,1114,498,6,398
150104,2024,Barranco,42986,5.3,3362,782.12,166,47,1214,1156,331,5,443
150104,2025,Barranco,42986,5.3,3045,708.37,203,34,1118,1091,222,1,376
150104,2026,Barranco,42986,5.3,1652,384.31,116,20,520,669,89,1,237
150105,2018,Breña,104888,7.7,4234,403.67,71,6,1251,1180,698,3,1025
150105,2019,Breña,104888,7.7,3917,373.45,105,11,1058,979,800,7,957
150105,2020,Breña,104888,7.7,3169,302.13,106,9,702,952,315,9,1076
150105,2021,Breña,104888,7.7,3662,349.13,151,20,923,1162,467,2,937
150105,2022,Breña,104888,7.7,3981,379.55,175,94,933,1180,521,3,1075
150105,2023,Breña,104888,7.7,5536,527.8,204,87,1627,1416,1146,4,1052
150105,2024,Breña,104888,7.7,5437,518.36,281,53,1678,1708,715,1,1001
150105,2025,Breña,104888,7.7,5080,484.33,248,55,1666,1723,461,3,924
150105,2026,Breña,104888,7.7,2736,260.85,133,54,877,946,230,0,496
150106,2018,Carabayllo,430807,20.0,7659,177.78,30,14,1142,1950,1357,7,3159
150106,2019,Carabayllo,430807,20.0,9908,229.99,93,19,1303,2303,2050,8,4132
150106,2020,Carabayllo,430807,20.0,7880,182.91,109,22,1147,1991,972,10,3629
150106,2021,Carabayllo,430807,20.0,8452,196.19,161,65,1043,2274,979,11,3919
150106,2022,Carabayllo,430807,20.0,9075,210.65,226,235,1164,2911,1059,17,3463
150106,2023,Carabayllo,430807,20.0,10446,242.48,295,323,1510,2975,1402,17,3924
150106,2024,Carabayllo,430807,20.0,11280,261.83,443,303,1917,3365,1406,13,3833
150106,2025,Carabayllo,430807,20.0,10240,237.69,405,448,1806,3214,947,14,3406
150106,2026,Carabayllo,430807,20.0,5381,124.91,210,142,779,1906,409,6,1929
150107,2018,Chaclacayo,45670,10.9,1554,340.27,15,1,241,448,155,1,693
150107,2019,Chaclacayo,45670,10.9,1474,322.75,13,5,183,439,135,3,696
150107,2020,Chaclacayo,45670,10.9,1294,283.34,29,5,167,497,100,0,496
150107,2021,Chaclacayo,45670,10.9,1274,278.96,44,9,164,535,139,1,382
150107,2022,Chaclacayo,45670,10.9,1389,304.14,59,31,233,560,148,2,356
150107,2023,Chaclacayo,45670,10.9,1864,408.15,83,64,412,680,231,1,393
150107,2024,Chaclacayo,45670,10.9,2200,481.72,105,44,552,901,225,4,369
150107,2025,Chaclacayo,45670,10.9,2157,472.3,129,72,499,921,182,1,353
150107,2026,Chaclacayo,45670,10.9,998,218.52,40,23,205,485,79,0,166
150108,2018,Chorrillos,377175,13.1,8338,221.06,107,6,1666,2306,1716,6,2531
150108,2019,Chorrillos,377175,13.1,7181,190.39,125,10,950,2158,880,11,3047
150108,2020,Chorrillos,377175,13.1,5054,134.0,116,19,642,1613,425,8,2231
150108,2021,Chorrillos,377175,13.1,6619,175.49,242,32,867,2175,814,13,2476
150108,2022,Chorrillos,377175,13.1,9913,262.82,451,268,1559,3114,1606,8,2907
150108,2023,Chorrillos,377175,13.1,13579,360.02,559,379,2771,4114,2582,19,3155
150108,2024,Chorrillos,377175,13.1,10789,286.05,561,305,2105,3785,1407,13,2613
150108,2025,Chorrillos,377175,13.1,10524,279.02,669,462,1898,3966,793,19,2717
150108,2026,Chorrillos,377175,13.1,6278,166.45,354,184,1332,2389,460,10,1549
150109,2018,Cieneguilla,50393,24.7,758,150.42,7,4,111,254,43,0,339
150109,2019,Cieneguilla,50393,24.7,924,183.36,9,2,175,237,43,1,457
150109,2020,Cieneguilla,50393,24.7,618,122.64,12,0,123,193,20,0,270
150109,2021,Cieneguilla,50393,24.7,710,140.89,39,8,98,238,18,3,306
150109,2022,Cieneguilla,50393,24.7,841,166.89,52,25,105,264,20,1,374
150109,2023,Cieneguilla,50393,24.7,1035,205.39,80,37,259,294,52,2,311
150109,2024,Cieneguilla,50393,24.7,1069,212.13,90,42,230,378,73,1,255
150109,2025,Cieneguilla,50393,24.7,986,195.66,94,54,150,404,22,2,260
150109,2026,Cieneguilla,50393,24.7,651,129.18,40,21,95,276,30,2,187
150110,2018,Comas,578818,15.3,15531,268.32,131,29,2958,4686,3194,60,4473
150110,2019,Comas,578818,15.3,18454,318.82,172,55,2819,4650,4323,38,6397
150110,2020,Comas,578818,15.3,13421,231.87,284,47,1852,3537,2018,35,5648
150110,2021,Comas,578818,15.3,14770,255.18,411,97,2137,4240,2327,39,5519
150110,2022,Comas,578818,15.3,16754,289.45,458,496,2535,5637,2183,43,5402
150110,2023,Comas,578818,15.3,20461,353.5,627,608,3549,5291,3805,61,6520
150110,2024,Comas,578818,15.3,19901,343.82,701,615,3392,5914,2808,48,6423
150110,2025,Comas,578818,15.3,18307,316.28,754,727,2733,6092,1606,26,6369
150110,2026,Comas,578818,15.3,9690,167.41,374,202,1272,3346,676,20,3800
150111,2018,El Agustino,231424,14.6,9083,392.48,52,16,2428,2500,1475,8,2604
150111,2019,El Agustino,231424,14.6,8744,377.83,59,10,2168,2566,1238,7,2696
150111,2020,El Agustino,231424,14.6,6727,290.68,75,7,1451,1950,992,12,2240
150111,2021,El Agustino,231424,14.6,6980,301.61,88,23,1593,1974,1041,5,2256
150111,2022,El Agustino,231424,14.6,6727,290.68,119,134,1480,2026,1123,4,1841
150111,2023,El Agustino,231424,14.6,6552,283.12,98,117,1518,1460,1540,5,1814
150111,2024,El Agustino,231424,14.6,6394,276.29,151,96,1667,1293,1339,6,1842
150111,2025,El Agustino,231424,14.6,5597,241.85,195,112,1324,1672,649,6,1639
150111,2026,El Agustino,231424,14.6,4350,187.97,125,83,964,1394,379,11,1394
150112,2018,Independencia,225078,18.7,10372,460.82,111,19,2908,3031,1713,15,2575
150112,2019,Independencia,225078,18.7,10653,473.3,188,23,2397,3404,1793,19,2829
150112,2020,Independencia,225078,18.7,7006,311.27,181,33,1133,2150,827,15,2667
150112,2021,Independencia,225078,18.7,9027,401.06,255,53,1671,3030,1274,19,2725
150112,2022,Independencia,225078,18.7,11295,501.83,303,265,2381,3997,1999,13,2337
150112,2023,Independencia,225078,18.7,13986,621.38,465,336,3448,4288,2777,17,2655
150112,2024,Independencia,225078,18.7,12658,562.38,484,208,2968,4240,1802,18,2938
150112,2025,Independencia,225078,18.7,10834,481.34,413,206,1988,4436,1202,10,2579
150112,2026,Independencia,225078,18.7,5377,238.89,195,91,1103,2230,548,2,1208
150113,2018,Jesús María,105776,3.0,5065,478.84,159,9,2474,1247,712,12,452
150113,2019,Jesús María,105776,3.0,5002,472.89,159,5,1281,2427,590,4,536
150113,2020,Jesús María,105776,3.0,2571,243.06,164,10,740,1033,206,3,415
150113,2021,Jesús María,105776,3.0,3105,293.54,247,20,775,1281,273,6,503
150113,2022,Jesús María,105776,3.0,3908,369.46,331,132,1032,1270,519,5,619
150113,2023,Jesús María,105776,3.0,5028,475.34,425,130,1658,1497,784,3,531
150113,2024,Jesús María,105776,3.0,4764,450.39,309,80,1757,1643,429,5,541
150113,2025,Jesús María,105776,3.0,4260,402.74,364,66,1588,1516,182,1,543
150113,2026,Jesús María,105776,3.0,2270,214.6,154,28,884,754,92,2,356
150114,2018,La Molina,151360,2.8,2676,176.8,75,5,755,550,247,6,1038
150114,2019,La Molina,151360,2.8,2214,146.27,69,6,541,521,107,3,967
150114,2020,La Molina,151360,2.8,2063,136.3,90,5,454,480,83,3,948
150114,2021,La Molina,151360,2.8,2818,186.18,205,14,613,1072,145,2,767
150114,2022,La Molina,151360,2.8,3737,246.89,307,115,1058,1255,221,6,775
150114,2023,La Molina,151360,2.8,5188,342.76,359,135,1730,1569,464,9,922
150114,2024,La Molina,151360,2.8,5246,346.59,344,86,1957,1586,345,5,923
150114,2025,La Molina,151360,2.8,5102,337.08,374,149,1666,1891,197,10,815
150114,2026,La Molina,151360,2.8,2748,181.55,206,64,854,1102,104,13,405
150115,2018,La Victoria,192325,15.3,9985,519.17,167,35,3400,3032,1793,8,1550
150115,2019,La Victoria,192325,15.3,9212,478.98,167,38,2740,2727,1309,15,2216
150115,2020,La Victoria,192325,15.3,6912,359.39,180,47,2137,2083,797,15,1653
150115,2021,La Victoria,192325,15.3,7608,395.58,239,46,2799,2207,660,10,1647
150115,2022,La Victoria,192325,15.3,7989,415.39,292,281,2725,2371,1003,8,1309
150115,2023,La Victoria,192325,15.3,10652,553.85,311,265,3905,2034,2867,12,1258
150115,2024,La Victoria,192325,15.3,10998,571.84,393,199,4215,2516,2315,6,1354
150115,2025,La Victoria,192325,15.3,8883,461.87,441,212,3597,2249,1126,7,1251
150115,2026,La Victoria,192325,15.3,5426,282.13,261,103,2265,1474,499,5,819
150116,2018,Lince,72911,5.4,2843,389.93,57,1,888,870,498,2,527
150116,2019,Lince,72911,5.4,3515,482.09,121,6,1194,1042,717,0,435
150116,2020,Lince,72911,5.4,2220,304.48,128,3,618,827,291,3,350
150116,2021,Lince,72911,5.4,2355,323.0,119,8,895,767,211,3,352
150116,2022,Lince,72911,5.4,2548,349.47,157,65,944,774,222,2,384
150116,2023,Lince,72911,5.4,3132,429.56,161,85,1079,861,583,3,360
150116,2024,Lince,72911,5.4,4375,600.05,224,48,1808,1286,646,3,360
150116,2025,Lince,72911,5.4,2903,398.16,207,39,1125,1014,200,2,316
150116,2026,Lince,72911,5.4,1470,201.62,108,10,559,529,84,2,178
150117,2018,Los Olivos,362039,9.0,15847,437.72,157,35,3277,4797,3549,24,4008
150117,2019,Los Olivos,362039,9.0,13169,363.75,207,46,2581,3794,2170,31,4340
150117,2020,Los Olivos,362039,9.0,10930,301.9,246,49,2119,3398,1411,11,3696
150117,2021,Los Olivos,362039,9.0,11557,319.22,413,104,2163,3829,1715,11,3322
150117,2022,Los Olivos,362039,9.0,13142,363.0,506,404,2442,3956,2376,26,3432
150117,2023,Los Olivos,362039,9.0,16817,464.51,570,554,3820,3911,4083,18,3861
150117,2024,Los Olivos,362039,9.0,15863,438.16,730,334,3636,4091,3092,19,3961
150117,2025,Los Olivos,362039,9.0,13105,361.98,607,458,2716,4013,1437,24,3850
150117,2026,Los Olivos,362039,9.0,6803,187.91,311,170,1634,1907,673,9,2099
150118,2018,Lurigancho,308451,22.9,5660,183.5,51,18,990,1795,628,5,2173
150118,2019,Lurigancho,308451,22.9,5767,186.97,57,17,937,2059,488,5,2204
150118,2020,Lurigancho,308451,22.9,3762,121.96,73,18,491,1700,228,6,1246
150118,2021,Lurigancho,308451,22.9,4136,134.09,86,6,607,1831,333,4,1269
150118,2022,Lurigancho,308451,22.9,5106,165.54,168,100,745,2428,473,9,1183
150118,2023,Lurigancho,308451,22.9,7555,244.93,240,256,1565,3122,1217,16,1139
150118,2024,Lurigancho,308451,22.9,7791,252.58,283,189,1638,3413,981,12,1275
150118,2025,Lurigancho,308451,22.9,7556,244.97,304,223,1389,3734,596,8,1302
150118,2026,Lurigancho,308451,22.9,3994,129.49,209,105,639,1961,232,6,842
150119,2018,Lurin,132149,21.7,2342,177.22,32,3,419,653,330,9,896
150119,2019,Lurin,132149,21.7,2734,206.89,93,11,427,919,330,3,951
150119,2020,Lurin,132149,21.7,2103,159.14,75,13,307,730,141,4,833
150119,2021,Lurin,132149,21.7,2363,178.81,93,20,438,805,197,9,801
150119,2022,Lurin,132149,21.7,3266,247.15,162,108,854,1067,334,4,737
150119,2023,Lurin,132149,21.7,3793,287.02,171,161,837,1175,626,10,813
150119,2024,Lurin,132149,21.7,3454,261.37,225,119,763,1179,455,7,706
150119,2025,Lurin,132149,21.7,2835,214.53,169,147,539,1074,225,5,676
150119,2026,Lurin,132149,21.7,1696,128.34,81,62,316,637,122,4,474
150120,2018,Magdalena del Mar,82146,3.5,2517,306.41,92,3,646,1043,329,5,399
150120,2019,Magdalena del Mar,82146,3.5,3373,410.61,94,6,601,1699,417,6,550
150120,2020,Magdalena del Mar,82146,3.5,2097,255.28,74,6,355,1065,140,3,454
150120,2021,Magdalena del Mar,82146,3.5,2337,284.49,168,16,556,910,167,4,516
150120,2022,Magdalena del Mar,82146,3.5,2369,288.39,141,71,670,696,228,4,559
150120,2023,Magdalena del Mar,82146,3.5,2251,274.02,146,76,720,493,274,3,539
150120,2024,Magdalena del Mar,82146,3.5,1929,234.83,197,33,526,633,152,0,388
150120,2025,Magdalena del Mar,82146,3.5,1657,201.71,207,39,405,571,43,0,392
150120,2026,Magdalena del Mar,82146,3.5,835,101.65,101,33,169,301,14,4,213
150121,2018,Pueblo Libre,99936,3.0,2975,297.69,65,2,951,536,759,5,657
150121,2019,Pueblo Libre,99936,3.0,3499,350.12,52,10,1147,759,782,1,748
150121,2020,Pueblo Libre,99936,3.0,1945,194.62,88,7,430,555,208,2,655
150121,2021,Pueblo Libre,99936,3.0,2060,206.13,119,16,494,678,246,5,502
150121,2022,Pueblo Libre,99936,3.0,2756,275.78,153,53,745,843,406,6,550
150121,2023,Pueblo Libre,99936,3.0,2819,282.08,157,57,694,887,551,4,469
150121,2024,Pueblo Libre,99936,3.0,2340,234.15,138,32,528,964,217,3,458
150121,2025,Pueblo Libre,99936,3.0,2949,295.09,219,46,769,1187,200,1,527
150121,2026,Pueblo Libre,99936,3.0,1835,183.62,136,17,528,774,83,3,294
150122,2018,Miraflores,126049,1.2,4104,325.59,163,12,1275,1270,583,4,797
150122,2019,Miraflores,126049,1.2,4447,352.8,232,11,1396,1429,597,6,776
150122,2020,Miraflores,126049,1.2,2935,232.85,152,17,814,958,311,5,678
150122,2021,Miraflores,126049,1.2,4197,332.97,302,14,1503,1279,492,3,604
150122,2022,Miraflores,126049,1.2,6422,509.48,451,141,2522,1971,804,14,519
150122,2023,Miraflores,126049,1.2,12646,1003.26,629,143,5653,3628,1829,9,755
150122,2024,Miraflores,126049,1.2,12863,1020.48,689,51,6242,3966,1290,10,615
150122,2025,Miraflores,126049,1.2,9448,749.55,658,80,3868,3599,573,8,662
150122,2026,Miraflores,126049,1.2,3793,300.91,213,27,1480,1424,288,4,357
150123,2018,Pachacamac,141104,25.8,3021,214.1,29,7,496,774,381,2,1332
150123,2019,Pachacamac,141104,25.8,2907,206.02,25,10,558,655,311,4,1344
150123,2020,Pachacamac,141104,25.8,1863,132.03,24,7,273,578,125,6,850
150123,2021,Pachacamac,141104,25.8,2107,149.32,42,11,300,680,177,1,896
150123,2022,Pachacamac,141104,25.8,2542,180.15,103,47,434,807,183,1,967
150123,2023,Pachacamac,141104,25.8,3514,249.04,119,133,572,1040,407,8,1235
150123,2024,Pachacamac,141104,25.8,3821,270.79,174,150,489,1286,390,3,1329
150123,2025,Pachacamac,141104,25.8,3265,231.39,156,221,354,1252,216,8,1058
150123,2026,Pachacamac,141104,25.8,1816,128.7,78,73,212,658,137,4,654
150124,2018,Pucusana,19758,34.0,386,195.36,5,3,58,226,20,0,74
150124,2019,Pucusana,19758,34.0,530,268.25,5,3,92,230,34,1,165
150124,2020,Pucusana,19758,34.0,380,192.33,7,0,48,137,14,0,174
150124,2021,Pucusana,19758,34.0,384,194.35,9,2,54,150,18,0,151
150124,2022,Pucusana,19758,34.0,387,195.87,11,7,64,114,20,2,169
150124,2023,Pucusana,19758,34.0,564,285.45,17,16,117,196,29,1,188
150124,2024,Pucusana,19758,34.0,765,387.18,22,17,158,315,27,2,224
150124,2025,Pucusana,19758,34.0,655,331.51,23,13,96,265,31,0,227
150124,2026,Pucusana,19758,34.0,340,172.08,11,17,48,107,9,0,148
150125,2018,Puente Piedra,398975,23.3,8537,213.97,60,14,1128,3726,922,2,2685
150125,2019,Puente Piedra,398975,23.3,8102,203.07,93,24,1485,2222,903,6,3369
150125,2020,Puente Piedra,398975,23.3,5840,146.38,94,21,820,1723,406,9,2767
150125,2021,Puente Piedra,398975,23.3,6754,169.28,187,33,1142,2246,642,8,2496
150125,2022,Puente Piedra,398975,23.3,7524,188.58,251,169,1277,2542,784,10,2491
150125,2023,Puente Piedra,398975,23.3,10047,251.82,345,296,2149,2437,2025,10,2785
150125,2024,Puente Piedra,398975,23.3,10072,252.45,485,269,1931,2983,1282,14,3108
150125,2025,Puente Piedra,398975,23.3,8797,220.49,474,628,1461,2705,585,19,2925
150125,2026,Puente Piedra,398975,23.3,4323,108.35,200,209,637,1466,233,3,1575
150126,2018,Punta Hermosa,16482,37.8,470,285.16,6,2,133,181,28,1,119
150126,2019,Punta Hermosa,16482,37.8,503,305.18,3,1,108,219,28,1,143
150126,2020,Punta Hermosa,16482,37.8,371,225.09,9,4,53,168,14,0,123
150126,2021,Punta Hermosa,16482,37.8,342,207.5,15,2,40,170,15,1,99
150126,2022,Punta Hermosa,16482,37.8,497,301.54,16,21,79,252,14,1,114
150126,2023,Punta Hermosa,16482,37.8,697,422.89,155,28,106,191,45,1,171
150126,2024,Punta Hermosa,16482,37.8,698,423.49,122,10,110,232,53,0,171
150126,2025,Punta Hermosa,16482,37.8,421,255.43,25,10,73,176,17,0,120
150126,2026,Punta Hermosa,16482,37.8,301,182.62,38,1,70,116,7,1,68
150127,2018,Punta Negra,11241,14.9,306,272.22,2,0,86,112,49,1,56
150127,2019,Punta Negra,11241,14.9,263,233.96,3,1,55,74,41,0,89
150127,2020,Punta Negra,11241,14.9,217,193.04,4,3,32,86,6,0,86
150127,2021,Punta Negra,11241,14.9,204,181.48,3,2,27,88,7,0,77
150127,2022,Punta Negra,11241,14.9,196,174.36,6,1,32,86,12,0,59
150127,2023,Punta Negra,11241,14.9,306,272.22,20,11,61,95,15,2,102
150127,2024,Punta Negra,11241,14.9,337,299.8,19,8,59,136,27,2,86
150127,2025,Punta Negra,11241,14.9,217,193.04,18,9,33,82,16,1,58
150127,2026,Punta Negra,11241,14.9,139,123.65,8,5,29,68,1,0,28
150128,2018,Rímac,197361,15.0,5849,296.36,62,10,1130,1949,613,9,2076
150128,2019,Rímac,197361,15.0,6986,353.97,102,17,1278,2427,891,4,2267
150128,2020,Rímac,197361,15.0,4057,205.56,77,9,727,1468,448,5,1323
150128,2021,Rímac,197361,15.0,4623,234.24,143,36,913,1736,569,7,1219
150128,2022,Rímac,197361,15.0,7905,400.54,197,207,1519,3186,1077,10,1709
150128,2023,Rímac,197361,15.0,10615,537.85,243,220,2362,4219,1850,9,1712
150128,2024,Rímac,197361,15.0,9959,504.61,279,152,1846,4656,1196,3,1827
150128,2025,Rímac,197361,15.0,8895,450.7,337,193,1580,4266,760,4,1755
150128,2026,Rímac,197361,15.0,5362,271.68,165,258,1119,2119,527,4,1170
150129,2018,San Bartolo,7408,14.4,310,418.47,2,0,43,123,12,1,129
150129,2019,San Bartolo,7408,14.4,306,413.07,6,1,38,131,15,1,114
150129,2020,San Bartolo,7408,14.4,238,321.27,7,1,24,83,11,0,112
150129,2021,San Bartolo,7408,14.4,255,344.22,10,0,13,101,23,0,108
150129,2022,San Bartolo,7408,14.4,426,575.05,18,14,38,154,67,0,135
150129,2023,San Bartolo,7408,14.4,490,661.45,27,17,68,206,34,0,138
150129,2024,San Bartolo,7408,14.4,467,630.4,19,9,75,208,21,0,135
150129,2025,San Bartolo,7408,14.4,422,569.65,25,10,64,224,11,0,88
150129,2026,San Bartolo,7408,14.4,346,467.06,21,15,53,174,7,0,76
150130,2018,San Borja,126125,2.1,2815,223.19,117,7,1121,573,404,3,590
150130,2019,San Borja,126125,2.1,2503,198.45,89,5,843,623,228,24,691
150130,2020,San Borja,126125,2.1,2052,162.7,126,7,458,549,122,6,784
150130,2021,San Borja,126125,2.1,2945,233.5,243,7,675,893,261,14,852
150130,2022,San Borja,126125,2.1,3617,286.78,308,109,981,1187,333,27,672
150130,2023,San Borja,126125,2.1,4818,382.0,321,112,1584,1455,613,5,728
150130,2024,San Borja,126125,2.1,4710,373.44,373,51,1562,1620,436,4,664
150130,2025,San Borja,126125,2.1,4863,385.57,375,83,1619,1870,210,11,695
150130,2026,San Borja,126125,2.1,2777,220.18,253,61,827,1009,137,7,483
150131,2018,San Isidro,73401,1.1,4019,547.54,140,3,1235,1334,497,3,807
150131,2019,San Isidro,73401,1.1,3651,497.4,165,8,1031,1383,446,13,605
150131,2020,San Isidro,73401,1.1,2007,273.43,153,4,589,739,184,8,330
150131,2021,San Isidro,73401,1.1,2326,316.89,219,9,706,837,237,14,304
150131,2022,San Isidro,73401,1.1,2351,320.3,179,45,637,979,181,14,316
150131,2023,San Isidro,73401,1.1,4507,614.02,319,73,1733,1515,519,7,341
150131,2024,San Isidro,73401,1.1,5296,721.52,364,54,2423,1713,310,8,424
150131,2025,San Isidro,73401,1.1,4127,562.25,404,64,1705,1495,147,3,309
150131,2026,San Isidro,73401,1.1,2413,328.74,256,26,860,938,120,4,209
150132,2018,San Juan de Lurigancho,1176583,19.4,28974,246.26,238,67,6539,8296,4684,38,9112
150132,2019,San Juan de Lurigancho,1176583,19.4,31292,265.96,271,67,6619,8018,4566,27,11724
150132,2020,San Juan de Lurigancho,1176583,19.4,22494,191.18,374,70,4342,5895,2385,31,9397
150132,2021,San Juan de Lurigancho,1176583,19.4,25840,219.62,532,130,4939,8352,2733,49,9105
150132,2022,San Juan de Lurigancho,1176583,19.4,31977,271.78,792,893,6191,10761,4021,55,9264
150132,2023,San Juan de Lurigancho,1176583,19.4,36680,311.75,1001,1334,8034,10259,6580,46,9426
150132,2024,San Juan de Lurigancho,1176583,19.4,36180,307.5,1375,1192,7811,12494,4727,45,8536
150132,2025,San Juan de Lurigancho,1176583,19.4,30622,260.26,1430,1413,6060,11449,2968,55,7247
150132,2026,San Juan de Lurigancho,1176583,19.4,17060,145.0,744,446,2994,7160,1413,34,4269
150133,2018,San Juan de Miraflores,417763,15.5,9592,229.6,114,18,2256,2563,2010,18,2613
150133,2019,San Juan de Miraflores,417763,15.5,9401,225.03,120,20,1743,2766,1326,7,3419
150133,2020,San Juan de Miraflores,417763,15.5,6760,161.81,111,13,913,2166,541,11,3005
150133,2021,San Juan de Miraflores,417763,15.5,9214,220.56,268,60,1582,3081,1269,13,2941
150133,2022,San Juan de Miraflores,417763,15.5,10934,261.73,342,334,1735,3755,1345,22,3401
150133,2023,San Juan de Miraflores,417763,15.5,13623,326.09,399,401,2670,3614,2945,23,3571
150133,2024,San Juan de Miraflores,417763,15.5,12873,308.14,356,272,2287,4116,2370,22,3450
150133,2025,San Juan de Miraflores,417763,15.5,10377,248.39,439,323,1320,4024,841,13,3417
150133,2026,San Juan de Miraflores,417763,15.5,5916,141.61,215,188,848,2147,407,16,2095
150134,2018,San Luis,61773,9.4,3228,522.56,64,1,833,1058,468,6,798
150134,2019,San Luis,61773,9.4,2839,459.59,49,5,840,887,449,2,607
150134,2020,San Luis,61773,9.4,1667,269.86,46,4,528,485,196,3,405
150134,2021,San Luis,61773,9.4,1949,315.51,98,5,580,625,209,2,430
150134,2022,San Luis,61773,9.4,1919,310.65,78,47,562,628,241,0,363
150134,2023,San Luis,61773,9.4,2304,372.98,88,61,702,530,505,1,417
150134,2024,San Luis,61773,9.4,2277,368.61,132,53,716,569,346,3,458
150134,2025,San Luis,61773,9.4,2408,389.81,146,64,770,689,161,4,574
150134,2026,San Luis,61773,9.4,1642,265.81,93,44,473,559,82,2,389
150135,2018,San Martín de Porres,764012,11.1,16716,218.79,138,32,3402,4573,3812,25,4734
150135,2019,San Martín de Porres,764012,11.1,15241,199.49,194,46,2708,4211,2946,35,5101
150135,2020,San Martín de Porres,764012,11.1,9385,122.84,253,51,1565,2867,1454,19,3176
150135,2021,San Martín de Porres,764012,11.1,10016,131.1,310,96,1584,3055,1563,14,3394
150135,2022,San Martín de Porres,764012,11.1,15544,203.45,501,470,2877,4431,3028,15,4222
150135,2023,San Martín de Porres,764012,11.1,21992,287.85,644,512,4611,4999,6088,27,5111
150135,2024,San Martín de Porres,764012,11.1,19689,257.71,817,341,4360,5308,4099,14,4750
150135,2025,San Martín de Porres,764012,11.1,15425,201.89,725,474,3705,4620,1727,18,4156
150135,2026,San Martín de Porres,764012,11.1,8876,116.18,355,158,2144,2635,807,7,2770
150136,2018,San Miguel,189301,4.5,3473,183.46,81,5,438,1682,192,1,1074
150136,2019,San Miguel,189301,4.5,4239,223.93,123,11,554,2208,199,4,1140
150136,2020,San Miguel,189301,4.5,3027,159.9,148,14,425,1260,81,3,1096
150136,2021,San Miguel,189301,4.5,3539,186.95,221,16,602,1429,171,2,1098
150136,2022,San Miguel,189301,4.5,3981,210.3,249,85,700,1577,270,4,1096
150136,2023,San Miguel,189301,4.5,4791,253.09,296,90,1163,1337,628,1,1276
150136,2024,San Miguel,189301,4.5,5227,276.12,414,71,1213,1825,496,1,1207
150136,2025,San Miguel,189301,4.5,3885,205.23,379,67,659,1509,115,5,1151
150136,2026,San Miguel,189301,4.5,2191,115.74,172,20,453,833,88,1,624
150137,2018,Santa Anita,224675,14.3,7660,340.94,80,19,2058,2331,924,10,2238
150137,2019,Santa Anita,224675,14.3,7907,351.93,96,6,1950,2098,1007,5,2745
150137,2020,Santa Anita,224675,14.3,3621,161.17,71,7,694,931,283,2,1633
150137,2021,Santa Anita,224675,14.3,4758,211.77,135,18,1041,1387,421,4,1752
150137,2022,Santa Anita,224675,14.3,5116,227.71,230,112,1117,1667,546,9,1435
150137,2023,Santa Anita,224675,14.3,6624,294.83,223,116,1583,1490,1535,12,1665
150137,2024,Santa Anita,224675,14.3,6708,298.56,268,134,1836,1822,1171,9,1468
150137,2025,Santa Anita,224675,14.3,9622,428.26,398,177,3781,2656,1022,8,1580
150137,2026,Santa Anita,224675,14.3,6723,299.23,261,97,3174,1667,675,4,845
150138,2018,Santa María del Mar,994,12.1,32,321.93,0,0,6,9,2,0,15
150138,2019,Santa María del Mar,994,12.1,37,372.23,0,0,10,10,6,0,11
150138,2020,Santa María del Mar,994,12.1,52,523.14,5,0,6,22,7,0,12
150138,2021,Santa María del Mar,994,12.1,35,352.11,4,0,11,9,2,0,9
150138,2022,Santa María del Mar,994,12.1,35,352.11,6,0,4,13,2,0,10
150138,2023,Santa María del Mar,994,12.1,103,1036.22,2,3,22,39,6,0,31
150138,2024,Santa María del Mar,994,12.1,69,694.16,3,4,7,37,2,0,16
150138,2025,Santa María del Mar,994,12.1,45,452.72,1,2,3,27,1,0,11
150138,2026,Santa María del Mar,994,12.1,15,150.91,2,1,5,3,0,0,4
150139,2018,Santa Rosa,38377,26.5,409,106.57,5,1,71,118,25,0,189
150139,2019,Santa Rosa,38377,26.5,595,155.04,2,1,123,204,40,0,225
150139,2020,Santa Rosa,38377,26.5,425,110.74,6,1,66,132,20,4,196
150139,2021,Santa Rosa,38377,26.5,582,151.65,10,0,50,264,26,0,232
150139,2022,Santa Rosa,38377,26.5,584,152.17,11,26,94,177,29,5,242
150139,2023,Santa Rosa,38377,26.5,610,158.95,15,12,106,181,52,0,244
150139,2024,Santa Rosa,38377,26.5,709,184.75,18,18,157,188,59,1,268
150139,2025,Santa Rosa,38377,26.5,593,154.52,17,25,147,176,38,2,188
150139,2026,Santa Rosa,38377,26.5,431,112.31,10,14,97,142,21,2,145
150140,2018,Santiago de Surco,401980,3.6,13501,335.86,429,26,4069,3643,2714,20,2600
150140,2019,Santiago de Surco,401980,3.6,13310,331.11,372,38,3706,4240,2463,20,2471
150140,2020,Santiago de Surco,401980,3.6,9498,236.28,377,28,2083,3156,893,12,2949
150140,2021,Santiago de Surco,401980,3.6,10100,251.26,620,53,2759,3022,1177,26,2443
150140,2022,Santiago de Surco,401980,3.6,11238,279.57,613,221,3277,3258,1230,39,2600
150140,2023,Santiago de Surco,401980,3.6,15222,378.68,799,329,5099,3801,2464,33,2697
150140,2024,Santiago de Surco,401980,3.6,15413,383.43,748,202,5442,4474,1884,23,2640
150140,2025,Santiago de Surco,401980,3.6,13238,329.32,825,222,4467,4117,806,18,2783
150140,2026,Santiago de Surco,401980,3.6,7416,184.49,437,124,2539,2276,435,14,1591
150141,2018,Surquillo,119236,6.4,3368,282.47,52,3,743,1026,347,1,1196
150141,2019,Surquillo,119236,6.4,2647,222.0,30,3,392,1056,114,3,1049
150141,2020,Surquillo,119236,6.4,2534,212.52,64,5,727,753,236,3,746
150141,2021,Surquillo,119236,6.4,3790,317.86,167,15,1450,1098,327,3,730
150141,2022,Surquillo,119236,6.4,3173,266.11,156,47,934,1100,244,1,691
150141,2023,Surquillo,119236,6.4,4362,365.83,153,72,1629,1310,513,5,680
150141,2024,Surquillo,119236,6.4,4211,353.17,195,62,1410,1592,347,1,604
150141,2025,Surquillo,119236,6.4,3566,299.07,203,54,1307,1257,143,3,599
150141,2026,Surquillo,119236,6.4,2231,187.11,104,20,860,676,178,1,392
150142,2018,Villa El Salvador,451546,15.5,9985,221.13,69,18,1669,2356,2414,11,3448
150142,2019,Villa El Salvador,451546,15.5,11166,247.28,104,18,1862,2622,1930,14,4616
150142,2020,Villa El Salvador,451546,15.5,7949,176.04,122,27,1074,1988,602,7,4129
150142,2021,Villa El Salvador,451546,15.5,7426,164.46,194,43,1037,2110,737,9,3296
150142,2022,Villa El Salvador,451546,15.5,10548,233.6,345,386,1334,3248,1895,21,3319
150142,2023,Villa El Salvador,451546,15.5,15296,338.75,510,512,2418,4081,4069,17,3689
150142,2024,Villa El Salvador,451546,15.5,13473,298.37,512,383,2236,4499,2164,22,3657
150142,2025,Villa El Salvador,451546,15.5,12471,276.18,601,578,2238,4507,1423,18,3106
150142,2026,Villa El Salvador,451546,15.5,6891,152.61,316,223,1125,2549,800,9,1869
150143,2018,Villa María del Triunfo,487863,21.9,13379,274.24,102,27,2703,4182,2678,14,3673
150143,2019,Villa María del Triunfo,487863,21.9,15224,312.05,152,54,2828,4514,3056,19,4601
150143,2020,Villa María del Triunfo,487863,21.9,9775,200.36,144,30,1656,2839,1158,9,3939
150143,2021,Villa María del Triunfo,487863,21.9,11016,225.8,213,51,1897,3369,1644,19,3823
150143,2022,Villa María del Triunfo,487863,21.9,13053,267.55,335,315,2161,3780,2152,20,4290
150143,2023,Villa María del Triunfo,487863,21.9,17277,354.14,486,375,3141,4929,3594,20,4732
150143,2024,Villa María del Triunfo,487863,21.9,15971,327.37,522,292,2639,5008,2915,17,4578
150143,2025,Villa María del Triunfo,487863,21.9,13719,281.21,602,336,2267,4509,1897,17,4091
150143,2026,Villa María del Triunfo,487863,21.9,7824,160.37,306,172,1263,2632,945,16,2490
